{"flowExternalEntityList":[{"details":"{\"displayName\":\"testRobot\",\"identifier\":\"TESTROBOT\",\"version\":\"01.00.0000\",\"flowConfigurationId\":\"19d33b47-ecb1-4dcd-9b67-c2850bba8206\",\"description\":\"\",\"keywords\":\"\",\"environmentGroupIdentifier\":null,\"designTimeDataId\":\"6de5bc63-c64c-4ed0-a40d-077ba3bde492\",\"createdBy\":\"syusop@knextech.com\",\"updatedBy\":\"syusop@knextech.com\",\"updatedDate\":1718782983966,\"nameToConnShapeMapping\":{},\"latestSnapshotId\":null,\"definitionErrors\":[],\"flowProperties\":null,\"nameToConnMapping\":{},\"transpilationRequired\":true,\"vjson-meta\":{\"data\":\"FlowExternalDetailsV1|1|0\"}}","detailsVersion":1}],"connectionExternalEntityList":[],"connectionShapeExternalEntityList":[],"environmentGroupExternalEntityList":[{"details":"{\"identifier\":\"TESTPOOL\",\"displayName\":\"testPool\",\"description\":\"\",\"keywords\":\"\",\"createdBy\":\"syusop@knextech.com\",\"updatedBy\":\"syusop@knextech.com\",\"updatedDate\":1718783204310,\"vjson-meta\":{\"data\":\"EnvironmentGroupExternalDetailsV1|1|0\"}}","detailsVersion":1}],"deploymentExternalEntityList":[{"details":"{\"identifier\":\"HELLOSY\",\"updatedDate\":1724219789577,\"flowIds\":[\"KNEX_TRAINI___PROJEC|TESTROBOT|01.00.0000\"],\"vjson-meta\":{\"data\":\"DeploymentExternalDetailsV1|1|0\"}}","detailsVersion":1},{"details":"{\"identifier\":\"TESTAZ\",\"updatedDate\":1724225646498,\"flowIds\":[\"KNEX_TRAINI___PROJEC|TESTROBOT|01.00.0000\"],\"vjson-meta\":{\"data\":\"DeploymentExternalDetailsV1|1|0\"}}","detailsVersion":1},{"details":"{\"identifier\":\"TESTDEPLOY\",\"updatedDate\":1724286549349,\"flowIds\":[\"KNEX_TRAINI___PROJEC|TESTROBOT|01.00.0000\"],\"vjson-meta\":{\"data\":\"DeploymentExternalDetailsV1|1|0\"}}","detailsVersion":1}],"vjson-meta":{"data":"ExternalResourceWrapper|1|0"}}